SNV	cluster0	cluster1	cluster2	cluster	dcf0	dcf1
0	1	0.00018	0	0	0.28	0.34
1	1	8e-06	0	0	0.28	0.34
2	0.99	0.012	0	0	0.28	0.34
3	0.99	0.015	0	0	0.28	0.34
4	1	0.0047	0	0	0.28	0.34
5	0.91	0.088	0.00016	0	0.28	0.34
6	0.54	0.46	0	0	0.28	0.34
7	0.45	0.55	2.8e-06	1	0.16	0.34
8	1	9.2e-06	0	0	0.28	0.34
9	0	1.4e-06	1	2	0.11	0.11
10	1	1.3e-05	0	0	0.28	0.34
11	0.99	0.0097	0	0	0.28	0.34
12	1	0.0014	0	0	0.28	0.34
13	1	1.5e-06	0	0	0.28	0.34
14	1	0.001	0	0	0.28	0.34
15	1	0	0	0	0.28	0.34
16	0.97	0.025	0	0	0.28	0.34
17	0.0026	1	0	1	0.16	0.34
18	0.0061	0.99	0	1	0.16	0.34
19	1	1.2e-05	0	0	0.28	0.34
20	0.81	0.19	0	0	0.28	0.34
21	0.12	0.88	0	1	0.16	0.34
22	0.93	0.069	0	0	0.28	0.34
23	1	0	0	0	0.28	0.34
24	0.15	0.85	0	1	0.16	0.34
25	1	0.00047	0	0	0.28	0.34
26	1	0.00034	0	0	0.28	0.34
27	1	8.3e-06	0	0	0.28	0.34
28	0.027	0.97	0	1	0.16	0.34
29	1	9.4e-05	0	0	0.28	0.34
30	1	2.6e-06	0	0	0.28	0.34
31	1	0.00094	0	0	0.28	0.34
32	0.95	0.049	0	0	0.28	0.34
33	1	3.7e-05	0	0	0.28	0.34
34	1	0.0036	0	0	0.28	0.34
35	1	0.00039	0	0	0.28	0.34
36	1	0.00029	0	0	0.28	0.34
37	0.99	0.005	2.9e-05	0	0.28	0.34
38	0.97	0.031	0	0	0.28	0.34
39	1	0.0026	0	0	0.28	0.34
40	0.95	0.049	0.0014	0	0.28	0.34
41	3.5e-05	0	1	2	0.11	0.11
42	1	0.00018	0	0	0.28	0.34
43	0.73	0.27	8.6e-06	0	0.28	0.34
44	0.71	0.29	1e-05	0	0.28	0.34
45	1	0.0027	0	0	0.28	0.34
46	1	0.00011	0	0	0.28	0.34
47	0.99	0.012	0	0	0.28	0.34
48	1	8.6e-05	0	0	0.28	0.34
49	1	2.2e-05	0	0	0.28	0.34
50	0.93	0.073	0	0	0.28	0.34
51	1	0.0003	0	0	0.28	0.34
52	1	0.00059	0	0	0.28	0.34
53	0.76	0.24	0	0	0.28	0.34
54	1	0.00038	0	0	0.28	0.34
55	0.99	0.0092	0	0	0.28	0.34
56	1	0.00099	0	0	0.28	0.34
57	1	0.0024	0	0	0.28	0.34
58	1	0.0016	0	0	0.28	0.34
59	0.96	0.042	0	0	0.28	0.34
60	0.93	0.073	0	0	0.28	0.34
61	1	0.00014	0	0	0.28	0.34
62	0	0	1	2	0.11	0.11
63	0.95	0.053	0	0	0.28	0.34
64	1	2.1e-06	0	0	0.28	0.34
65	1	0.0017	0	0	0.28	0.34
66	1	2.1e-06	0	0	0.28	0.34
67	1	0.00028	0	0	0.28	0.34
68	1	0.00012	0	0	0.28	0.34
69	0.99	0.0061	0	0	0.28	0.34
70	1	0.0047	0	0	0.28	0.34
