SNV	cluster0	cluster1	cluster2	cluster	dcf0	dcf1
0	1	0	0	0	0.32	0.42
1	0.023	0.98	0	1	0.4	0.58
2	1	1e-05	1.1e-06	0	0.32	0.42
3	0.99	0.009	0	0	0.32	0.42
4	1	0.0043	0	0	0.32	0.42
5	0.99	0.01	0	0	0.32	0.42
6	1	0.0041	0	0	0.32	0.42
7	0.97	0.028	0	0	0.32	0.42
8	1	0	0	0	0.32	0.42
9	0.95	0.047	0	0	0.32	0.42
10	0.94	0.065	0	0	0.32	0.42
11	0	0	1	2	0.071	0.047
12	1	0	0	0	0.32	0.42
13	0.92	0.08	0	0	0.32	0.42
14	0.99	0.013	0	0	0.32	0.42
15	0.66	0.34	0	0	0.32	0.42
16	0.99	0.0062	0	0	0.32	0.42
17	0.97	0.027	0	0	0.32	0.42
18	0.86	0.14	0	0	0.32	0.42
19	0	0	1	2	0.071	0.047
20	1	0.00015	0	0	0.32	0.42
21	0.95	0.054	0	0	0.32	0.42
22	0.86	0.14	0	0	0.32	0.42
23	1	0	0	0	0.32	0.42
24	1	1.5e-06	0	0	0.32	0.42
25	6e-05	1	0	1	0.4	0.58
26	0	0	1	2	0.071	0.047
27	0.99	0.0079	0	0	0.32	0.42
28	0.99	0.01	0	0	0.32	0.42
29	0.014	0.99	0	1	0.4	0.58
30	1	0.0038	0	0	0.32	0.42
31	0	0	1	2	0.071	0.047
32	0.9	0.1	0	0	0.32	0.42
33	0.74	0.26	0	0	0.32	0.42
34	1	0.00098	0	0	0.32	0.42
35	1	0.0003	0	0	0.32	0.42
36	0.015	0.99	0	1	0.4	0.58
37	0.3	0.7	0	1	0.4	0.58
38	0.13	0.87	0	1	0.4	0.58
39	1	0	0	0	0.32	0.42
40	0.52	0.48	0	0	0.32	0.42
41	1	0	0	0	0.32	0.42
42	0	0	1	2	0.071	0.047
43	1	0.00059	0	0	0.32	0.42
44	0.92	0.078	0	0	0.32	0.42
45	1	6e-06	0	0	0.32	0.42
46	1	0.00089	0	0	0.32	0.42
47	0.99	0.01	0	0	0.32	0.42
48	1	0	0	0	0.32	0.42
49	1	8.4e-05	0	0	0.32	0.42
50	1	0.00013	0	0	0.32	0.42
51	0.98	0.016	0	0	0.32	0.42
52	0.4	0.6	0	1	0.4	0.58
53	0.37	0.63	0	1	0.4	0.58
54	1	0	0	0	0.32	0.42
55	0.96	0.043	0	0	0.32	0.42
56	1	1.4e-06	0	0	0.32	0.42
57	0	0	1	2	0.071	0.047
58	0.57	0.43	0	0	0.32	0.42
59	0	0	1	2	0.071	0.047
60	0	0	1	2	0.071	0.047
61	1	0	0	0	0.32	0.42
62	1	0.00045	0	0	0.32	0.42
63	1	0.0003	0	0	0.32	0.42
64	1	0.001	0	0	0.32	0.42
65	0	0	1	2	0.071	0.047
66	1	0	0	0	0.32	0.42
67	0.94	0.064	0	0	0.32	0.42
68	0.6	0.4	0	0	0.32	0.42
69	1	0	0	0	0.32	0.42
70	1	0.00081	0	0	0.32	0.42
71	1	0.00013	0	0	0.32	0.42
72	0.71	0.29	0	0	0.32	0.42
73	1	0	0	0	0.32	0.42
74	1	0.0012	0	0	0.32	0.42
75	1	0	0	0	0.32	0.42
76	0.88	0.12	0	0	0.32	0.42
77	1	0.00091	0	0	0.32	0.42
78	0.71	0.29	0	0	0.32	0.42
79	1	0.0022	0	0	0.32	0.42
80	0.02	0.98	0	1	0.4	0.58
81	0.86	0.14	0	0	0.32	0.42
82	1	0.0001	0	0	0.32	0.42
83	0.69	0.31	0	0	0.32	0.42
84	0.042	0.96	0	1	0.4	0.58
